{"x":11.720000267028809,"y":2.316200017929077}