{"x":22.321447372436525,"y":20.836563110351564}